id;firstname;lastname;age;active
1;Jean;Bono;40;true
2;Laurent;Houtan;30;false
3;Alain;Verse;20;true
4;Olie;Condor;35;false
5;Alex;Therieur;28;true
6;prenom6;nom6;33;true
7;prenom7;nom7;33;true
8;prenom8;nom8;33;true
9;prenom9;nom9;33;true
10;prenom10;nom10;33;true
11;prenom11;nom11;33;true
12;prenom12;nom12;33;true
13;prenom13;nom13;33;true
14;prenom14;nom14;33;true
15;prenom15;nom15;33;true
16;prenom16;nom16;33;true
17;prenom17;nom17;33;true
18;prenom18;nom18;33;true
19;prenom19;nom19;33;true
20;prenom20;nom20;33;true
